{
  "project_info": {
    "project_number": "753929746374",
    "project_id": "fitnessapp-9de20",
    "storage_bucket": "fitnessapp-9de20.appspot.com"
  },
  "client": [
    {
      "client_info": {
        "mobilesdk_app_id": "1:753929746374:android:48bf2c0e7dfb2b3039a4c7",
        "android_client_info": {
          "package_name": "com.example.fitnessapp"
        }
      },
      "oauth_client": [],
      "api_key": [
        {
          "current_key": "AIzaSyDMcJq9LZ5b21ttz0FM06RjW3xmbG0CExA"
        }
      ],
      "services": {
        "appinvite_service": {
          "other_platform_oauth_client": []
        }
      }
    }
  ],
  "configuration_version": "1"
}